Location,Title,Company,URL
"Conchal√≠, Santiago Metropolitan Region, Chile",Data Science Jr,Fashion's Park S.A.,https://cl.linkedin.com/company/fashion's-park?trk=public_jobs_jserp-result_job-search-card-subtitle
"Las Condes, Santiago Metropolitan Region, Chile",Data Scientist,Isapre Consalud,https://cl.linkedin.com/company/isapre-consalud?trk=public_jobs_jserp-result_job-search-card-subtitle
"Santiago, Santiago Metropolitan Region, Chile",Data Scientist,NeuralWorks,https://cl.linkedin.com/company/neuralworks-cl?trk=public_jobs_jserp-result_job-search-card-subtitle
"Santiago, Santiago Metropolitan Region, Chile",Data Scientist,BICE VIDA,https://cl.linkedin.com/company/bice-vida?trk=public_jobs_jserp-result_job-search-card-subtitle
"Santiago, Santiago Metropolitan Region, Chile",Puestos vacantes: Cient√≠fico(a) de Datos (18009),Grupo Antofagasta Minerals,https://cl.linkedin.com/company/antofagasta-plc?trk=public_jobs_jserp-result_job-search-card-subtitle
"Las Condes, Santiago Metropolitan Region, Chile",Data Scientist,Ita√∫ Chile,https://cl.linkedin.com/company/itauchile?trk=public_jobs_jserp-result_job-search-card-subtitle
"Santiago, Santiago Metropolitan Region, Chile",Machine Learning Engineer,NeuralWorks,https://cl.linkedin.com/company/neuralworks-cl?trk=public_jobs_jserp-result_job-search-card-subtitle
"Santiago, Santiago Metropolitan Region, Chile",Data Scientist,TCIT Cloud Solutions,https://cl.linkedin.com/company/tcit-cloud-solutions?trk=public_jobs_jserp-result_job-search-card-subtitle
"Santiago, Santiago Metropolitan Region, Chile",Data Scientist - Santiago,Singulares.bcorp,https://cl.linkedin.com/company/singularesbcorp?trk=public_jobs_jserp-result_job-search-card-subtitle
"Santiago, Santiago Metropolitan Region, Chile",Digital Data Scientist,Nestl√©,https://ch.linkedin.com/company/nestle-s-a-?trk=public_jobs_jserp-result_job-search-card-subtitle
"Santiago, Santiago Metropolitan Region, Chile",ML and Data Engineer (Python Developer),Xe.com,https://uk.linkedin.com/company/xecurrencyauthority?trk=public_jobs_jserp-result_job-search-card-subtitle
"Las Condes, Santiago Metropolitan Region, Chile",Data Scientist - Las Condes,GRUPO PROGESTION,https://cl.linkedin.com/company/grupo-progestion?trk=public_jobs_jserp-result_job-search-card-subtitle
"Las Condes, Santiago Metropolitan Region, Chile",Data Scientist,AFP PlanVital,https://cl.linkedin.com/company/afp-planvital?trk=public_jobs_jserp-result_job-search-card-subtitle
"Santiago, Santiago Metropolitan Region, Chile","Data Scientist, LatAm Rides Central Ops",Uber,https://www.linkedin.com/company/uber-com?trk=public_jobs_jserp-result_job-search-card-subtitle
"Santiago, Santiago Metropolitan Region, Chile",Data Scientist II,Singulares.bcorp,https://cl.linkedin.com/company/singularesbcorp?trk=public_jobs_jserp-result_job-search-card-subtitle
"Santiago Metropolitan Region, Chile",Data Scientist,Empresa No indicada,URL No indicada
"Las Condes, Santiago Metropolitan Region, Chile",Data Scientist / Consumo Masivo,GRUPO PROGESTION,https://cl.linkedin.com/company/grupo-progestion?trk=public_jobs_jserp-result_job-search-card-subtitle
"Santiago, Santiago Metropolitan Region, Chile",Data Scientist (Python/SQL) (7750 USD/Mes) [Remote],Listopro,https://mx.linkedin.com/company/listopro?trk=public_jobs_jserp-result_job-search-card-subtitle
"Santiago, Santiago Metropolitan Region, Chile","Data Scientist, Chile - BCG X",Boston Consulting Group (BCG),https://www.linkedin.com/company/boston-consulting-group?trk=public_jobs_jserp-result_job-search-card-subtitle
"Santiago, Santiago Metropolitan Region, Chile",Data Scientist with GCP,Globant,https://www.linkedin.com/company/globant?trk=public_jobs_jserp-result_job-search-card-subtitle
"Santiago Metropolitan Region, Chile",Senior Data Scientist,NTT DATA Europe & Latam,https://es.linkedin.com/company/ntt-data-europe-latam?trk=public_jobs_jserp-result_job-search-card-subtitle
"Santiago, Santiago Metropolitan Region, Chile",Data Scientist Sr.,MSD LATAM,https://mx.linkedin.com/company/msd-latam?trk=public_jobs_jserp-result_job-search-card-subtitle
"Santiago, Santiago Metropolitan Region, Chile",Machine Learning Engineer,Groupe SII,https://fr.linkedin.com/company/sii?trk=public_jobs_jserp-result_job-search-card-subtitle
"Santiago, Santiago Metropolitan Region, Chile",Data Scientist (Reemplazo Licencia Maternal),"SMU S.A. (Unimarc, M10, Alvi, y Super10)",https://cl.linkedin.com/company/unimarc?trk=public_jobs_jserp-result_job-search-card-subtitle
"Santiago, Santiago Metropolitan Region, Chile",Senior Data Scientist,Alaya,https://cl.linkedin.com/company/alaya-digital-solutions?trk=public_jobs_jserp-result_job-search-card-subtitle
"Providencia, Santiago Metropolitan Region, Chile",Desarrollador Python Modalidad Remota,Abenis Consultores,https://cl.linkedin.com/company/abenis-consultores?trk=public_jobs_jserp-result_job-search-card-subtitle
"Santiago Metropolitan Region, Chile",Machine Learning Engineer,Applaudo,https://sv.linkedin.com/company/applaudo?trk=public_jobs_jserp-result_job-search-card-subtitle
"Santiago, Santiago Metropolitan Region, Chile",Senior Data Scientist,R2,https://mx.linkedin.com/company/r2-cap?trk=public_jobs_jserp-result_job-search-card-subtitle
"Santiago, Santiago Metropolitan Region, Chile",Senior Data Scientist,R2,https://mx.linkedin.com/company/r2-cap?trk=public_jobs_jserp-result_job-search-card-subtitle
"Santiago, Santiago Metropolitan Region, Chile",Senior Data Scientist,R2,https://mx.linkedin.com/company/r2-cap?trk=public_jobs_jserp-result_job-search-card-subtitle
"Santiago, Santiago Metropolitan Region, Chile",Senior Data Scientist,R2,https://mx.linkedin.com/company/r2-cap?trk=public_jobs_jserp-result_job-search-card-subtitle
"Santiago, Santiago Metropolitan Region, Chile",Data Scientist Sr.,myGwork - LGBTQ+ Business Community,https://uk.linkedin.com/company/mygwork?trk=public_jobs_jserp-result_job-search-card-subtitle
"Santiago, Santiago Metropolitan Region, Chile",AI/ML and MLOps Field Engineer,Canonical,https://uk.linkedin.com/company/canonical?trk=public_jobs_jserp-result_job-search-card-subtitle
"Santiago, Santiago Metropolitan Region, Chile",AI Engineer for AI Anime Avatar App ü§ñ,Coral,https://ph.linkedin.com/company/coraltalent?trk=public_jobs_jserp-result_job-search-card-subtitle
"Santiago, Santiago Metropolitan Region, Chile",Consultor Machine Learning Engineer AI,EY,https://uk.linkedin.com/company/ernstandyoung?trk=public_jobs_jserp-result_job-search-card-subtitle
"Santiago, Santiago Metropolitan Region, Chile",Front-end Developer Proyecto Generative AI,NeuralWorks,https://cl.linkedin.com/company/neuralworks-cl?trk=public_jobs_jserp-result_job-search-card-subtitle
"Santiago, Santiago Metropolitan Region, Chile",Senior Data Scientist,Thoughtworks,https://www.linkedin.com/company/thoughtworks?trk=public_jobs_jserp-result_job-search-card-subtitle
Santiago Metropolitan Area,Programador/a de Funcionalidades de Aprendizaje en L√≠nea,Laborum Selecta,https://cl.linkedin.com/company/laborum-selecta?trk=public_jobs_jserp-result_job-search-card-subtitle
"Providencia, Santiago Metropolitan Region, Chile",Desarrollador Python,Abenis Consultores,https://cl.linkedin.com/company/abenis-consultores?trk=public_jobs_jserp-result_job-search-card-subtitle
"Santiago, Santiago Metropolitan Region, Chile",Lead Data Scientist,Thoughtworks,https://www.linkedin.com/company/thoughtworks?trk=public_jobs_jserp-result_job-search-card-subtitle
"Santiago, Santiago Metropolitan Region, Chile",Developer,BICE VIDA,https://cl.linkedin.com/company/bice-vida?trk=public_jobs_jserp-result_job-search-card-subtitle
"Santiago, Santiago Metropolitan Region, Chile",Desarrollador Python,Solunegocios An AVOS Tech Company,https://cl.linkedin.com/company/solunegocios-chile?trk=public_jobs_jserp-result_job-search-card-subtitle
"Santiago, Santiago Metropolitan Region, Chile",Ingeniero de Datos y/o Data Scientist,GlobalConexus,https://cl.linkedin.com/company/globalconexus?trk=public_jobs_jserp-result_job-search-card-subtitle
"Santiago, Santiago Metropolitan Region, Chile",Senior Data Scientist (Mining Industry),BCG X,https://www.linkedin.com/company/bcg-x?trk=public_jobs_jserp-result_job-search-card-subtitle
"Providencia, Santiago Metropolitan Region, Chile",Developer,BICE VIDA,https://cl.linkedin.com/company/bice-vida?trk=public_jobs_jserp-result_job-search-card-subtitle
"Las Condes, Santiago Metropolitan Region, Chile",Mineral Processing Engineer (Latin America),IntelliSense.io,https://uk.linkedin.com/company/intellisense-io?trk=public_jobs_jserp-result_job-search-card-subtitle
"Providencia, Santiago Metropolitan Region, Chile",Sr. Data Science Experimentation,Betterfly,https://cl.linkedin.com/company/gobetterfly?trk=public_jobs_jserp-result_job-search-card-subtitle
"Santiago Metropolitan Region, Chile",Ingeniero de Software sector de la Salud - Providencia,PAMIN - Passagem Minera√ß√£o S/A,https://br.linkedin.com/company/pamin---passagem-minera-o-s-a?trk=public_jobs_jserp-result_job-search-card-subtitle
"Santiago, Santiago Metropolitan Region, Chile",QA Engineer (3466 USD/Mes) [Remote],Listopro,https://mx.linkedin.com/company/listopro?trk=public_jobs_jserp-result_job-search-card-subtitle
"Santiago, Santiago Metropolitan Region, Chile",Mobile Apps Engineer (Swift) (8750 USD/Mes) [Remote],Listopro,https://mx.linkedin.com/company/listopro?trk=public_jobs_jserp-result_job-search-card-subtitle
"Santiago, Santiago Metropolitan Region, Chile",Backend Developer (Python) (3600 USD/Mes) [Remote],Listopro,https://mx.linkedin.com/company/listopro?trk=public_jobs_jserp-result_job-search-card-subtitle
"Santiago, Santiago Metropolitan Region, Chile",Desarrollador React ‚Äì MFE,axity,https://mx.linkedin.com/company/axity?trk=public_jobs_jserp-result_job-search-card-subtitle
"Santiago, Santiago Metropolitan Region, Chile",Application Engineer,Pacifica Continental,https://www.linkedin.com/company/pacifica-continental?trk=public_jobs_jserp-result_job-search-card-subtitle
"Santiago, Santiago Metropolitan Region, Chile",Desarrollador Fullstack Phyton,Experis Chile,https://cl.linkedin.com/company/experis-chile?trk=public_jobs_jserp-result_job-search-card-subtitle
"Providencia, Santiago Metropolitan Region, Chile",Desarrollador Java/Python,Abenis Consultores,https://cl.linkedin.com/company/abenis-consultores?trk=public_jobs_jserp-result_job-search-card-subtitle
"Las Condes, Santiago Metropolitan Region, Chile",Desarrollador Apex (Modalidad h√≠brida),Abenis Consultores,https://cl.linkedin.com/company/abenis-consultores?trk=public_jobs_jserp-result_job-search-card-subtitle
"Santiago, Santiago Metropolitan Region, Chile",Desarrollador Apex (Modalidad h√≠brida),Abenis Consultores,https://cl.linkedin.com/company/abenis-consultores?trk=public_jobs_jserp-result_job-search-card-subtitle
"Santiago, Santiago Metropolitan Region, Chile",Software Engineer - Python and K8s,Canonical,https://uk.linkedin.com/company/canonical?trk=public_jobs_jserp-result_job-search-card-subtitle
"Santiago, Santiago Metropolitan Region, Chile",Full Stack Developer (5000 USD/Mes) [Remote],Listopro,https://mx.linkedin.com/company/listopro?trk=public_jobs_jserp-result_job-search-card-subtitle
"Santiago, Santiago Metropolitan Region, Chile",Software Engineer - Python - Ubuntu Pro client - graduate level,Canonical,https://uk.linkedin.com/company/canonical?trk=public_jobs_jserp-result_job-search-card-subtitle
